﻿{"cameraMode":{"drawMode":0,"name":"Shaded","section":"Shading Mode"},"sceneLighting":false,"audioPlay":false,"sceneViewState":{"showFog":true,"showMaterialUpdate":false,"showSkybox":false,"showFlares":true,"showImageEffects":true,"showParticleSystems":true},"in2DMode":false,"pivot":{"x":0.008064717054367066,"y":0.0,"z":0.0026502013206481935},"rotation":{"x":0.28801795840263369,"y":-0.45461809635162356,"z":0.15816469490528108,"w":0.8278599381446838},"size":1.4605134725570679,"orthographic":false}