﻿{"cameraMode":{"drawMode":0,"name":"Shaded","section":"Shading Mode"},"sceneLighting":false,"audioPlay":false,"sceneViewState":{"showFog":true,"showMaterialUpdate":false,"showSkybox":false,"showFlares":true,"showImageEffects":true,"showParticleSystems":true},"in2DMode":false,"pivot":{"x":0.5138221383094788,"y":-1.1911344528198243,"z":-0.05091796815395355},"rotation":{"x":0.11723372340202332,"y":-0.8821295499801636,"z":0.33992430567741396,"w":0.3042289614677429},"size":5.800227165222168,"orthographic":false}