﻿{"cameraMode":{"drawMode":0,"name":"Shaded","section":"Shading Mode"},"sceneLighting":true,"audioPlay":false,"sceneViewState":{"showFog":true,"showMaterialUpdate":false,"showSkybox":true,"showFlares":true,"showImageEffects":true,"showParticleSystems":true},"in2DMode":false,"pivot":{"x":251.74636840820313,"y":134.70272827148438,"z":4.10382080078125},"rotation":{"x":-0.10587485879659653,"y":0.04684334248304367,"z":0.00499333068728447,"w":0.9932629466056824},"size":433.33123779296877,"orthographic":false}