﻿{"cameraMode":{"drawMode":0,"name":"Shaded","section":"Shading Mode"},"sceneLighting":false,"audioPlay":false,"sceneViewState":{"showFog":true,"showMaterialUpdate":false,"showSkybox":false,"showFlares":true,"showImageEffects":true,"showParticleSystems":true},"in2DMode":false,"pivot":{"x":-0.10471034049987793,"y":0.3708486557006836,"z":-0.07916951179504395},"rotation":{"x":-0.44318217039108279,"y":-0.3002668619155884,"z":0.16047121584415437,"w":-0.8292638063430786},"size":13.653823852539063,"orthographic":false}