﻿{"cameraMode":{"drawMode":0,"name":"Shaded","section":"Shading Mode"},"sceneLighting":false,"audioPlay":false,"sceneViewState":{"showFog":true,"showMaterialUpdate":false,"showSkybox":false,"showFlares":true,"showImageEffects":true,"showParticleSystems":true},"in2DMode":false,"pivot":{"x":-0.052355170249938968,"y":0.18542444705963136,"z":-0.03958475589752197},"rotation":{"x":0.1486535221338272,"y":0.262408971786499,"z":-0.04095057398080826,"w":0.9525580406188965},"size":7.277214527130127,"orthographic":false}